9945585,5 series GT
430297,5 series others
1941189,520
1941190,523
1941191,525
1941192,528
1941193,530
1941194,535
1941195,540
430294,X5
13498471,X5M
6045637,X6
13498527,X6M
1941178,M5
14468230,4 series
23211145,430
1941177,M3
23211142,M4
1941285,C 180
1941286,C 200
23211057,C 250
23211058,C CLASS AMG
1941311,C CLASS others
1941288,E 200
23211059,E 220
23211060,E 250
23211061,E 300
1941292,E 320
23211063,E 400
553719,E CLASS
23211064,E CLASS AMG
1941312,E CLASS others
19383182,GLE
19383186,GLE Coupe
20828287,GLS