23211087,A 180
23211088,A 200
23211090,A CLASS AMG
1941310,A CLASS Others
5995142,ACTROS
18169056,AMG GT
8746804,ATEGO
5995148,AXOR
23211091,B 180
23211092,B 200
6802173,B CLASS Others
1941285,C 180
1941286,C 200
23211057,C 250
23211058,C CLASS AMG
1941311,C CLASS Others
14948607,CITAN
430444,CL
13499036,CLA
6916650,CLC
430447,CLK
6137070,CLS
1941288,E 200
23211059,E 220
23211060,E 250
23211061,E 300
1941292,E 320
23211063,E 400
553719,E CLASS
23211064,E CLASS AMG
1941312,E CLASS Others
1941296,G 350
1941298,G 500
23211065,G CLASS AMG
430443,G CLASS Others
4469418,GL
15633805,GLA
33423418,GLA 45 AMG
41068725,GLB
6856531,GLC
31509304,GLC Coupe
19383182,GLE
19383186,GLE Coupe
6916780,GLK
20828287,GLS
6916830,M-CLASS
552499,ML
430445,ML CLASS Others
5464574,R CLASS Others
1941300,S 300
1941302,S 350
1941303,S 400
31143774,S 450
1941306,S 500
26680311,S 560
553577,S CLASS
23211066,S CLASS AMG
1941313,S CLASS Others
430446,SL
1941308,SL 500
23057162,SLC
430448,SLK
6802042,SPRINTER
430453,V (VITO)
16800305,V-Class
6802047,VIANO
29699972,X CLASS
657895,Others